LibSize,x:y,y:x
20,0.2087871689711501,0.2202394028207431
70,0.5829497909271834,0.5625665103063127
120,0.8364934414365647,0.8618233316835625
170,0.973103471529679,0.9757951404974878
