variables,rho
TS2,0.489424
TS62,0.724437
TS35,0.800379
TS48,0.839492
TS40,0.851482
TS22,0.860051
TS39,0.874928
